"b_scale","m","mean_density","max_density"
0.8,1,0.0166784770503539,0.153036398552499
1,1,0.0160844345556507,0.146951240130298
1.2,1,0.016058964918988,0.116774716354331
1,2,0.0159915027317835,0.167700130893029
